Source File	Size	loadResources	load	generateSnapshots	load-configure	scan	loadDepInfo	loadInfo	checkR4R4B	generateNarratives	validate	loadLists	checkConformanceResources	checkConformanceResources2	checkConformanceResources3	generateLogicalMaps	validateExpressions	scanForUsageStats	checkURLsUnique	processProvenanceDetails	generate1	generate2	generateLogicals	makeDependencies	generateExampleZip	generateValidationPack	scanProfilesForR5	scanExamplesForR5
/fsh-generated/resources/ImplementationGuide-ans.fhir.fr.tde.json	7016	-	0	0	0	0	0	0	18	99	0	0	0	0	0	0	0	1	0	0	82	135	0	0	0	3	0	2
fsh-generated/resources/AuditEvent-TDEAuditEventExample-2.json	812	8	0	0	0	0	0	0	1	10	0	0	0	0	0	0	0	0	0	0	18	26	0	0	0	0	0	0
fsh-generated/resources/AuditEvent-TDEAuditEventExample.json	821	7	0	0	0	0	0	0	0	5	0	0	0	0	0	0	0	0	0	0	17	24	0	0	0	0	0	0
fsh-generated/resources/Bundle-TDEBundleResultatReponseRechercheTracesExample.json	2585	6	12	0	0	0	0	0	0	6	0	0	0	0	0	0	0	0	0	0	22	35	0	0	0	0	0	0
fsh-generated/resources/CapabilityStatement-TdEConsommateur.json	1965	6	0	0	1	0	0	0	1	55	0	0	0	0	0	0	0	0	0	0	31	54	0	0	0	1	0	0
fsh-generated/resources/CapabilityStatement-TdEGestionnaire.json	2016	4	0	0	0	0	0	0	0	37	0	0	0	0	0	0	0	0	0	0	29	39	0	0	0	1	0	0
fsh-generated/resources/CapabilityStatement-TdESource.json	1457	4	0	0	0	0	0	0	1	30	0	0	0	0	0	0	0	0	0	0	27	33	0	0	0	1	0	1
fsh-generated/resources/Device-DeviceExample.json	187	3	0	0	0	0	0	0	0	5	0	0	0	0	0	0	0	0	0	0	14	20	0	0	0	0	0	0
fsh-generated/resources/Practitioner-PractitionerExample.json	391	3	0	0	0	0	0	0	0	503	0	0	0	0	0	0	0	0	0	0	14	20	0	0	0	0	0	0
fsh-generated/resources/SearchParameter-TDE-AuditEvent-period-start.json	723	4	0	0	1	0	0	0	0	27	0	0	0	0	0	0	0	0	0	0	18	22	0	0	0	0	0	0
fsh-generated/resources/StructureDefinition-TDEBundleResultatReponseRechercheTraces.json	1483	4	0	153	0	0	0	0	1	99	0	0	0	0	0	0	0	2	0	0	201	1205	0	0	0	11	0	2
fsh-generated/resources/StructureDefinition-tde-auditevent.json	2161	6	0	62	0	0	0	0	0	56	0	0	0	0	0	0	0	1	0	0	236	477	0	1	0	10	0	2
/fsh-generated/includes/fsh-link-references.md	751	-	-	-	0	0	0	0	0	0	0	0	0	0	0	0	0	0	0	0	0	0	0	0	0	0	0	0
/fsh-generated/includes/menu.xml	2781	-	-	-	0	0	0	0	0	0	0	0	0	0	0	0	0	0	0	0	0	1	0	0	0	0	0	0
/input/data/features.yml	164	-	-	-	0	0	0	0	0	0	0	0	0	0	0	0	0	0	0	0	0	0	0	0	0	0	0	0
/input/pagecontent/annexe_audit_dicom.md	3448	-	-	-	0	0	0	0	0	0	0	0	0	0	0	0	0	0	0	0	0	0	0	0	0	0	0	0
/input/pagecontent/glossaire.md	551	-	-	-	0	0	0	0	0	0	0	0	0	0	0	0	0	0	0	0	0	0	0	0	0	0	0	0
/input/pagecontent/specifications_technique_intro.md	3882	-	-	-	0	0	0	0	0	0	0	0	0	0	0	0	0	0	0	0	0	4	0	0	0	0	0	0
/input/pagecontent/tests.md	1184	-	-	-	0	0	0	0	0	0	0	0	0	0	0	0	0	0	0	0	0	0	0	0	0	0	0	0
/input/pagecontent/specifications_technique_syslog.md	6403	-	-	-	0	0	0	0	0	0	0	0	0	0	0	0	0	0	0	0	0	1	0	0	0	0	0	0
/input/pagecontent/specifications_fonctionnelles.md	20951	-	-	-	0	0	0	0	0	0	0	0	0	0	0	0	0	0	0	0	0	0	0	0	0	0	0	0
/input/pagecontent/specifications_technique_correspondance_metier.md	3460	-	-	-	0	0	0	0	0	0	0	0	0	0	0	0	0	0	0	0	0	1	0	0	0	0	0	0
/input/pagecontent/securite.md	900	-	-	-	0	0	0	0	0	0	0	0	0	0	0	0	0	0	0	0	0	0	0	0	0	0	0	0
/input/pagecontent/normes_standards.md	80494	-	-	-	0	0	0	0	0	0	0	0	0	0	0	0	0	0	0	0	0	2	0	0	0	0	0	0
/input/pagecontent/downloads.md	1727	-	-	-	0	0	0	0	0	0	0	0	0	0	0	0	0	0	0	0	0	1	0	0	0	0	0	0
/input/pagecontent/change-log.md	330	-	-	-	0	0	0	0	0	0	0	0	0	0	0	0	0	0	0	0	0	0	0	0	0	0	0	0
/input/pagecontent/index.md	3435	-	-	-	0	0	0	0	0	0	0	0	0	0	0	0	0	0	0	0	0	1	0	0	0	0	0	0
/input/pagecontent/specifications_technique_api.md	7668	-	-	-	0	0	0	0	0	0	0	0	0	0	0	0	0	0	0	0	0	1	0	0	0	0	0	0
/input/pagecontent/autres_ressources.md	155	-	-	-	0	0	0	0	0	0	0	0	0	0	0	0	0	0	0	0	0	0	0	0	0	0	0	0
/template/config	0	-	-	-	0	0	0	0	0	0	0	0	0	0	0	0	0	0	0	0	0	0	0	0	0	0	0	0
/template/config/_config.yml	140	-	-	-	0	0	0	0	0	0	0	0	0	0	0	0	0	0	0	0	0	0	0	0	0	0	0	0
/input/images	0	-	-	-	0	0	0	0	0	0	0	0	0	0	0	0	0	0	0	0	0	0	0	0	0	0	0	0
/input/images/sfe_image9.png	12212	-	-	-	0	0	0	0	0	0	0	0	0	0	0	0	0	0	0	0	0	0	0	0	0	0	0	0
/input/images/ns_image7.png	15974	-	-	-	0	0	0	0	0	0	0	0	0	0	0	0	0	0	0	0	0	0	0	0	0	0	0	0
/input/images/st_image6.png	114072	-	-	-	0	0	0	0	0	0	0	0	0	0	0	0	0	0	0	0	0	1	0	0	0	0	0	0
/input/images/ns_image10.png	41124	-	-	-	0	0	0	0	0	0	0	0	0	0	0	0	0	0	0	0	0	0	0	0	0	0	0	0
/input/images/anImage.png	36288	-	-	-	0	0	0	0	0	0	0	0	0	0	0	0	0	0	0	0	0	0	0	0	0	0	0	0
/input/images/st_image5.png	99238	-	-	-	0	0	0	0	0	0	0	0	0	0	0	0	0	0	0	0	0	0	0	0	0	0	0	0
/input/images/ci-sis-logo.png	61365	-	-	-	0	0	0	0	0	0	0	0	0	0	0	0	0	0	0	0	0	0	0	0	0	0	0	0
/input/images/TDE_Flux01-VersionSyslog.xml	1715	-	-	-	0	0	0	0	0	0	0	0	0	0	0	0	0	0	0	0	0	0	0	0	0	0	0	0
/input/images/sfe_image5.png	4762	-	-	-	0	0	0	0	0	0	0	0	0	0	0	0	0	0	0	0	0	0	0	0	0	0	0	0
/input/images/sfe_image10.png	12362	-	-	-	0	0	0	0	0	0	0	0	0	0	0	0	0	0	0	0	0	0	0	0	0	0	0	0
/input/images/ns_image5.png	13301	-	-	-	0	0	0	0	0	0	0	0	0	0	0	0	0	0	0	0	0	0	0	0	0	0	0	0
/input/images/sfe_image12.png	1443	-	-	-	0	0	0	0	0	0	0	0	0	0	0	0	0	0	0	0	0	1	0	0	0	0	0	0
/input/images/sfe_image4.png	5657	-	-	-	0	0	0	0	0	0	0	0	0	0	0	0	0	0	0	0	0	0	0	0	0	0	0	0
/input/images/sfe_image8.png	14776	-	-	-	0	0	0	0	0	0	0	0	0	0	0	0	0	0	0	0	0	0	0	0	0	0	0	0
/input/images/ns_image6.png	15215	-	-	-	0	0	0	0	0	0	0	0	0	0	0	0	0	0	0	0	0	0	0	0	0	0	0	0
/input/images/sfe_image7.png	4815	-	-	-	0	0	0	0	0	0	0	0	0	0	0	0	0	0	0	0	0	0	0	0	0	0	0	0
/input/images/sfe_image11.png	12585	-	-	-	0	0	0	0	0	0	0	0	0	0	0	0	0	0	0	0	0	0	0	0	0	0	0	0
/input/images/ns_image8.png	24393	-	-	-	0	0	0	0	0	0	0	0	0	0	0	0	0	0	0	0	0	0	0	0	0	0	0	0
/input/images/sfe_image6.png	4915	-	-	-	0	0	0	0	0	0	0	0	0	0	0	0	0	0	0	0	0	0	0	0	0	0	0	0
/temp/pages/_includes/artifacts.xml	6737	-	-	-	-	-	-	-	-	-	-	-	-	-	-	-	-	-	-	-	-	0	0	0	0	0	0	0
